session,bars,expected,first_bar,last_bar,early_close
2026-07-29,78,78,09:30,15:55,False
2026-07-30,78,78,09:30,15:55,False
2026-07-31,78,78,09:30,15:55,False
2026-08-03,78,78,09:30,15:55,False
2026-08-04,78,78,09:30,15:55,False
2026-08-05,78,78,09:30,15:55,False
2026-08-06,78,78,09:30,15:55,False
2026-08-07,78,78,09:30,15:55,False
2026-08-10,78,78,09:30,15:55,False
2026-08-11,78,78,09:30,15:55,False
2026-08-12,78,78,09:30,15:55,False
2026-08-13,78,78,09:30,15:55,False
2026-08-14,78,78,09:30,15:55,False
2026-08-17,78,78,09:30,15:55,False
2026-08-18,78,78,09:30,15:55,False
2026-08-19,78,78,09:30,15:55,False
2026-08-20,78,78,09:30,15:55,False
2026-08-21,78,78,09:30,15:55,False
2026-08-24,78,78,09:30,15:55,False
2026-08-25,78,78,09:30,15:55,False
2026-08-26,78,78,09:30,15:55,False
2026-08-27,78,78,09:30,15:55,False
2026-08-28,78,78,09:30,15:55,False
2026-08-31,78,78,09:30,15:55,False
2026-09-01,78,78,09:30,15:55,False
2026-09-02,78,78,09:30,15:55,False
2026-09-03,78,78,09:30,15:55,False
2026-09-04,78,78,09:30,15:55,False
2026-09-08,78,78,09:30,15:55,False
2026-09-09,78,78,09:30,15:55,False
2026-09-10,78,78,09:30,15:55,False
2026-09-11,78,78,09:30,15:55,False
2026-09-14,78,78,09:30,15:55,False
2026-09-15,78,78,09:30,15:55,False
2026-09-16,78,78,09:30,15:55,False
2026-09-17,78,78,09:30,15:55,False
2026-09-18,78,78,09:30,15:55,False
2026-09-21,78,78,09:30,15:55,False
2026-09-22,78,78,09:30,15:55,False
2026-09-23,78,78,09:30,15:55,False
2026-09-24,78,78,09:30,15:55,False
2026-09-25,78,78,09:30,15:55,False
