split,friction_usd_per_share,trades,win_rate,exp_r,t_stat_r,profit_factor,net_pnl,gross_pnl,friction_cost,sharpe_daily,max_dd_r,max_dd_usd,avg_winner,avg_loser,largest_winner,largest_loser,long_trades,long_exp_r,long_net_pnl,short_trades,short_exp_r,short_net_pnl,sum_r,sum_r_without_best_1,sum_r_without_best_3,sum_r_without_best_5,sum_r_without_best_10
train,0.0,12,1.0,0.5086337394325667,272.47619293075763,inf,389.636962890625,389.636962890625,0.0,13.607464762903408,0.0,0.0,32.469746907552086,0.0,56.001708984375,16.00146484375,12,0.5086337394325667,389.636962890625,0,0.0,0.0,6.1036048731908,5.582794745578409,4.549868053640181,3.5308551094375633,1.0000915562269839
val,0.0,4,0.75,0.13504929061281631,0.3568898829749078,1.6248550468122505,24.9951171875,24.9951171875,0.0,2.3998286052536546,-1.0,-40.00146484375,21.66552734375,-40.00146484375,27.99853515625,-40.00146484375,4,0.13504929061281631,24.9951171875,0,0.0,0.0,0.5401971624512651,0.009087339742162581,-1.0,,
test,0.0,3,1.0,0.5113464247369649,89.71380184109312,inf,60.9892578125,60.9892578125,0.0,9.62498279499371,0.0,0.0,20.329752604166668,0.0,31.002929687500004,13.99853515625,3,0.5113464247369649,60.9892578125,0,0.0,0.0,1.5340392742108948,1.0156031361252154,,,
train,0.01,12,1.0,0.5086337394325667,272.47619293075763,inf,389.636962890625,401.636962890625,12.0,13.607464762903408,0.0,0.0,32.469746907552086,0.0,56.001708984375,16.00146484375,12,0.5086337394325667,389.636962890625,0,0.0,0.0,6.1036048731908,5.582794745578409,4.549868053640181,3.5308551094375633,1.0000915562269839
val,0.01,4,0.75,0.12879951948627064,0.3348443437031927,1.585225851782163,23.9951171875,28.9951171875,5.0,2.2711328622837144,-1.0249990845061827,-41.00146484375,21.66552734375,-41.00146484375,27.99853515625,-41.00146484375,4,0.12879951948627064,23.9951171875,0,0.0,0.0,0.5151980779450823,-0.01591174476402013,-1.0249990845061827,,
test,0.01,3,1.0,0.5113464247369649,89.71380184109253,inf,60.9892578125,63.9892578125,3.0,9.624982794993711,0.0,0.0,20.329752604166668,0.0,31.002929687499996,13.99853515625,3,0.5113464247369649,60.9892578125,0,0.0,0.0,1.5340392742108948,1.0156031361252151,,,
train,0.02,12,1.0,0.5086337394325667,272.47619293075655,inf,389.636962890625,413.636962890625,24.0,13.607464762903408,0.0,0.0,32.469746907552086,0.0,56.001708984375,16.00146484375,12,0.5086337394325667,389.636962890625,0,0.0,0.0,6.1036048731908,5.582794745578408,4.54986805364018,3.5308551094375633,1.0000915562269839
val,0.02,4,0.75,0.12254974835972501,0.31350360619414885,1.5474836954626303,22.9951171875,32.9951171875,10.0,2.14587984643315,-1.0499981690123652,-42.00146484375,21.66552734375,-42.00146484375,27.99853515625,-42.00146484375,4,0.12254974835972501,22.9951171875,0,0.0,0.0,0.49019899343889994,-0.04091082927020262,-1.0499981690123652,,
test,0.02,3,1.0,0.511346424736965,89.71380184109219,inf,60.9892578125,66.9892578125,6.0,9.624982794993711,0.0,0.0,20.329752604166668,0.0,31.002929687499996,13.998535156250004,3,0.511346424736965,60.9892578125,0,0.0,0.0,1.534039274210895,1.0156031361252151,,,
train,0.03,12,0.9166666666666666,0.37832550327848263,2.904062786472015,6.23531838406459,303.636962890625,342.636962890625,39.0,8.319747844062832,-1.054547633738919,-57.997802734375,32.87588778409091,-57.997802734375,56.001708984375,-57.997802734375,12,0.37832550327848263,303.636962890625,0,0.0,0.0,4.539906039341791,4.0190959117294,2.9861692197911722,1.9690130999577953,-0.554524745206074
val,0.03,4,0.75,0.11629997723317934,0.29283440767287766,1.5114969284749111,21.9951171875,36.9951171875,15.0,2.0239616842270243,-1.074997253518548,-43.00146484375,21.66552734375,-43.00146484375,27.998535156250004,-43.00146484375,4,0.11629997723317934,21.9951171875,0,0.0,0.0,0.46519990893271745,-0.06590991377638522,-1.074997253518548,,
test,0.03,3,1.0,0.5113464247369649,89.71380184109312,inf,60.9892578125,69.9892578125,9.0,9.62498279499371,0.0,0.0,20.329752604166668,0.0,31.002929687500004,13.99853515625,3,0.5113464247369649,60.9892578125,0,0.0,0.0,1.5340392742108948,1.0156031361252154,,,
train,0.05,12,0.9166666666666666,0.37529507918187605,2.8153180893050513,6.027466826177716,301.636962890625,366.636962890625,65.0,8.175444711456736,-1.0909127228981983,-59.997802734375,32.87588778409091,-59.99780273437501,56.001708984375,-59.99780273437501,12,0.37529507918187605,301.636962890625,0,0.0,0.0,4.503540950182512,3.9827308225701206,2.9498041306318927,1.9326480107985162,-0.5908898343653533
val,0.05,4,0.75,0.10380043498008798,0.2533877214435584,1.4443214739103543,19.995117187499993,44.9951171875,25.0,1.7897114075903504,-1.1249954225309133,-45.00146484375,21.66552734375,-45.00146484375001,27.998535156250004,-45.00146484375001,4,0.10380043498008798,19.995117187499993,0,0.0,0.0,0.41520173992035203,-0.11590808278875064,-1.1249954225309133,,
test,0.05,3,1.0,0.5113464247369651,89.71380184109279,inf,60.9892578125,75.9892578125,15.0,9.62498279499371,0.0,0.0,20.329752604166668,0.0,31.002929687500004,13.998535156250004,3,0.5113464247369651,60.9892578125,0,0.0,0.0,1.5340392742108953,1.0156031361252154,,,
