target_r,10:00,10:30,11:00,11:30,12:00,13:00
0.5,-0.10409864542699115,-0.11443872293741515,-0.06769374503324331,-0.0461700170748243,-0.042616914071486996,-0.09949668572611231
0.6,-0.0759038927158554,-0.09729853033940786,-0.056636423154473085,-0.035459358751309844,-0.025592423835294417,-0.09003175247559857
0.7,-0.0703506338936784,-0.08496228094559011,-0.04996796698801701,-0.025244468161028804,-0.018050584692096156,-0.08336165325778341
0.75,-0.06443617781334356,-0.08310483713118128,-0.0407756187301901,-0.028453621640208863,-0.021866857778555862,-0.08715196795339297
0.8,-0.0644425590173617,-0.09095977568459435,-0.04327120529108507,-0.02383537344995107,-0.025097994316469894,-0.08283775109272118
0.9,-0.07971768901077227,-0.09029471437074148,-0.03895435140796413,-0.024293393829660552,-0.01706915524883833,-0.0918923140441552
1.0,-0.05115309988191352,-0.13040861647227472,-0.0474550136753877,-0.040770423546662195,-0.03786715735873311,-0.10269247600423462
1.1,-0.060339472671600204,-0.12536985462665973,-0.07030859888363539,-0.03450835820303842,-0.026570304438031305,-0.08404441176738495
1.2,-0.05077336715290959,-0.13149193199996226,-0.07578521182042056,-0.03544460506278309,-0.021445594054758793,-0.08664668097667766
1.25,-0.040484503177761005,-0.12931590092346162,-0.06576820203507243,-0.04165688084106923,-0.016139781144719943,-0.08160113766431201
1.3,-0.02571802131678178,-0.12035396496454745,-0.05557122109488209,-0.030177299157643694,-0.02768225678216342,-0.08356886741457598
1.4,-0.012567273958210038,-0.1077642306438693,-0.0685273137652444,-0.02836146960971283,-0.017355872765682845,-0.08491476927474578
1.5,-0.026170781270608144,-0.11237126397128576,-0.06574551809929023,-0.039949482807959444,-0.02490556318313505,-0.0912115829497731
1.75,-0.013361803668948874,-0.11976380403586794,-0.07886825866074693,-0.06364450903032957,-0.04367548229250514,-0.09720008472959873
2.0,-0.002876428096448867,-0.16947061077888576,-0.14262593339912577,-0.1152668768838982,-0.07648584456207645,-0.12684839310006105
2.5,-0.013380986779457715,-0.19167053736483902,-0.21187707519405063,-0.17811401380259215,-0.14190885256765437,-0.18906888297539215
3.0,0.04331556824604865,-0.19677456947614722,-0.21374218559952834,-0.1837890596366114,-0.15421442787799877,-0.2110744281629921
