config_key,range_minutes,entry_tf,entry_method,confirmation,stop,target_r,cutoff,direction,train_n_trades,train_exp_r,val_n_trades,val_exp_r,test_n_trades,test_exp_r,role
fed00179f271,5,15,market,10pct,or_pct:0.5,0.5,11:00,long,12.0,0.43508052166857064,4.0,0.030405011655011693,3.0,0.3975012364173076,SELECTED
290fc92bf66b,5,10,market,10pct,or_pct:0.5,0.5,11:00,long,13.0,-0.2603130110672159,4.0,-0.7250728438228438,4.0,0.03567413954613352,neighbour
9d661b8437fd,5,15,market,5pct,or_pct:0.5,0.5,11:00,long,12.0,0.18373643564706524,4.0,0.030405011655011693,3.0,0.4013914366096321,neighbour
d5d75dba91da,5,15,market,10pct,or_mid,0.5,11:00,long,12.0,0.3414175823530247,4.0,-0.2878810624269464,3.0,-0.046697324972782894,neighbour
fe93ae653b81,5,15,market,10pct,or_pct:0.5,0.5,10:30,long,10.0,0.4418896498949788,4.0,0.030405011655011693,3.0,0.3975012364173076,neighbour
7e05c600b193,5,15,market,10pct,or_pct:0.5,0.5,11:30,long,13.0,0.3197269331531223,4.0,0.030405011655011693,3.0,0.3975012364173076,neighbour
673845be2e58,5,15,market,10pct,or_pct:0.5,0.6,11:00,long,12.0,0.40237964224205,4.0,0.11002331002331006,3.0,0.5044203441010024,neighbour
830386d2ca83,5,15,market,10pct,or_pct:0.67,0.5,11:00,long,12.0,0.3260590289964938,4.0,0.05728750293026863,3.0,0.42498386255759196,neighbour
574c14a28508,10,15,market,10pct,or_pct:0.5,0.5,11:00,long,12.0,0.07175737151616696,3.0,-0.5945648434812522,4.0,-0.6954330796072858,neighbour
