config_index,train_score,neighbour_median_train_score,robust_train_score,train_exp_r,train_trades,val_score,val_exp_r,val_trades,selection_score,config_key,range_minutes,entry_tf,entry_method,confirmation,stop,target_r,cutoff,direction
9213,0.7845634791706131,0.7770848602826098,0.7808241697266114,0.29427873818196426,17.0,-0.08523377257011526,-0.11840989143444101,7.0,0.3477951985782481,80a3424b430b,5,5,limit,1tick,or_pct:0.67,0.6,13:00,both
9231,0.8015824215739289,0.7597261491730577,0.7806542853734932,0.3502074119339482,17.0,0.10430349123460521,-0.06067547876933881,7.0,0.44247888830404924,e28f6bbf6eed,5,5,limit,1tick,or_pct:0.67,0.7,13:00,both
9222,0.785148856318588,0.7696062413946065,0.7773775488565973,0.3297296033677395,16.0,-0.3524278804318955,-0.18401269624538805,6.0,0.2124748342123509,603473aaf54c,5,5,limit,1tick,or_pct:0.67,0.7,11:00,both
9225,0.785148856318588,0.7696062413946065,0.7773775488565973,0.3297296033677395,16.0,0.10430349123460521,-0.06067547876933881,7.0,0.44084052004560126,d6a03cda295f,5,5,limit,1tick,or_pct:0.67,0.7,11:30,both
9228,0.785148856318588,0.7696062413946065,0.7773775488565973,0.3297296033677395,16.0,0.10430349123460521,-0.06067547876933881,7.0,0.44084052004560126,d1a0c8c9ae69,5,5,limit,1tick,or_pct:0.67,0.7,12:00,both
10437,0.7845634791706131,0.7696062413946065,0.7770848602826098,0.29427873818196426,17.0,-0.08523377257011526,-0.11840989143444101,7.0,0.3459255438562473,092fe0c1e592,5,5,limit,2tick,or_pct:0.67,0.6,13:00,both
9519,0.7857613568232531,0.7586672893405542,0.7722143230819036,0.2967743937873226,17.0,0.522908393222453,0.11462880135492308,7.0,0.6475613581521783,66a6f5109b68,5,5,limit,1tick,or_pct:0.75,0.6,13:00,both
9510,0.7707118377487654,0.7696062413946065,0.770159039571686,0.2790203981894495,16.0,0.15568446692311833,0.03664622293996691,6.0,0.46292175324740215,71d5c3c79064,5,5,limit,1tick,or_pct:0.75,0.6,11:00,both
9513,0.7707118377487654,0.7696062413946065,0.770159039571686,0.2790203981894495,16.0,0.522908393222453,0.11462880135492308,7.0,0.6465337163970695,b99f9ac1b78e,5,5,limit,1tick,or_pct:0.75,0.6,11:30,both
9516,0.7707118377487654,0.7696062413946065,0.770159039571686,0.2790203981894495,16.0,0.522908393222453,0.11462880135492308,7.0,0.6465337163970695,a9099430dc36,5,5,limit,1tick,or_pct:0.75,0.6,12:00,both
7989,0.7845634791706131,0.7557524460255833,0.7701579625980982,0.29427873818196426,17.0,-0.08523377257011526,-0.11840989143444101,7.0,0.3424620950139915,354ded8fb262,5,5,limit,close,or_pct:0.67,0.6,13:00,both
7980,0.7696062413946065,0.7696062413946065,0.7696062413946065,0.27659733381498136,16.0,-0.5299993521207434,-0.2350651631952537,6.0,0.11980344463693154,3c3e7d91c1cc,5,5,limit,close,or_pct:0.67,0.6,11:00,both
7983,0.7696062413946065,0.7696062413946065,0.7696062413946065,0.27659733381498136,16.0,-0.08523377257011526,-0.11840989143444101,7.0,0.34218623441224566,9e36d86012bc,5,5,limit,close,or_pct:0.67,0.6,11:30,both
7986,0.7696062413946065,0.7696062413946065,0.7696062413946065,0.27659733381498136,16.0,-0.08523377257011526,-0.11840989143444101,7.0,0.34218623441224566,9f22a70e1cfb,5,5,limit,close,or_pct:0.67,0.6,12:00,both
9201,0.7696062413946065,0.7696062413946065,0.7696062413946065,0.27659733381498136,16.0,-0.5299993521207434,-0.2350651631952537,6.0,0.11980344463693154,f0bdccf46c8b,5,5,limit,1tick,or_pct:0.67,0.6,10:30,both
9204,0.7696062413946065,0.7696062413946065,0.7696062413946065,0.27659733381498136,16.0,-0.5299993521207434,-0.2350651631952537,6.0,0.11980344463693154,f0828af2056d,5,5,limit,1tick,or_pct:0.67,0.6,11:00,both
9207,0.7696062413946065,0.7696062413946065,0.7696062413946065,0.27659733381498136,16.0,-0.08523377257011526,-0.11840989143444101,7.0,0.34218623441224566,fdc34fbce1b4,5,5,limit,1tick,or_pct:0.67,0.6,11:30,both
9210,0.7696062413946065,0.7696062413946065,0.7696062413946065,0.27659733381498136,16.0,-0.08523377257011526,-0.11840989143444101,7.0,0.34218623441224566,6fc504b37fc2,5,5,limit,1tick,or_pct:0.67,0.6,12:00,both
10428,0.7696062413946065,0.7696062413946065,0.7696062413946065,0.27659733381498136,16.0,-0.5299993521207434,-0.2350651631952537,6.0,0.11980344463693154,c08288e3b4c1,5,5,limit,2tick,or_pct:0.67,0.6,11:00,both
10431,0.7696062413946065,0.7696062413946065,0.7696062413946065,0.27659733381498136,16.0,-0.08523377257011526,-0.11840989143444101,7.0,0.34218623441224566,33aaa0cc2e95,5,5,limit,2tick,or_pct:0.67,0.6,11:30,both
10434,0.7696062413946065,0.7696062413946065,0.7696062413946065,0.27659733381498136,16.0,-0.08523377257011526,-0.11840989143444101,7.0,0.34218623441224566,6c114886fa14,5,5,limit,2tick,or_pct:0.67,0.6,12:00,both
10455,0.8015824215739289,0.7348888191755023,0.7682356203747156,0.3502074119339482,17.0,0.10430349123460521,-0.06067547876933881,7.0,0.4362695558046604,b7596f22f277,5,5,limit,2tick,or_pct:0.67,0.7,13:00,both
23857,0.7720357906536468,0.7634951136769238,0.7677654521652852,0.9599198152039922,12.0,-0.46972386105380504,-0.07729485045439562,7.0,0.1490207955557401,24b745bd11b1,5,10,market,1tick,or_pct:0.67,3.0,11:00,long
10743,0.7857613568232531,0.7466227409323429,0.766192048877798,0.2967743937873226,17.0,0.522908393222453,0.11462880135492308,7.0,0.6445502210501255,78c56a19b7bd,5,5,limit,2tick,or_pct:0.75,0.6,13:00,both
23839,0.7743261309253853,0.7573543055557492,0.7658402182405672,0.8947403073352889,12.0,-0.5299611179865094,-0.14872342188296703,7.0,0.11793955012702895,9905db3897a0,5,10,market,1tick,or_pct:0.67,2.5,11:00,long
