split,session_date,symbol,direction,or_high,or_low,or_width,signal_time,entry_time,entry_price,stop_price,target_price,exit_time,exit_price,exit_reason,r_multiple,qty,gross_pnl,estimated_friction,net_pnl,risk_ticks,ambiguous_exit,intrabar_entry
train,2026-08-05,QQQ,long,727.09,725.225,1.865,2026-08-05 09:45:00-04:00,2026-08-05 09:50:00-04:00,727.09,725.69,727.9300000000001,2026-08-05 09:55:00-04:00,727.9300000000001,target,0.5714285714285713,100.0,84.0,4.0,80.0,140.0,False,True
train,2026-08-07,QQQ,short,722.545,719.6800000000001,2.865,2026-08-07 10:00:00-04:00,2026-08-07 10:00:00-04:00,719.6800000000001,721.83,718.39,2026-08-07 10:05:00-04:00,718.39,target,0.5813953488372093,100.0,129.0,4.0,125.0,215.0,False,True
train,2026-08-10,QQQ,long,723.25,720.75,2.5,2026-08-10 10:10:00-04:00,2026-08-10 10:20:00-04:00,723.25,721.37,724.38,2026-08-10 10:35:00-04:00,724.38,target,0.5797872340425532,100.0,113.00000000000001,4.0,109.00000000000001,188.0,False,True
train,2026-08-11,QQQ,short,723.3000000000001,720.6,2.7,2026-08-11 09:40:00-04:00,2026-08-11 09:40:00-04:00,720.6,722.63,719.38,2026-08-11 09:45:00-04:00,719.38,target,0.5812807881773397,100.0,122.0,4.0,118.0,203.0,False,True
train,2026-08-12,QQQ,short,727.25,724.29,2.96,2026-08-12 10:05:00-04:00,2026-08-12 10:05:00-04:00,724.29,726.51,722.95,2026-08-12 11:30:00-04:00,722.95,target,0.5855855855855856,100.0,134.0,4.0,130.0,222.0,False,True
train,2026-08-17,QQQ,short,734.03,732.27,1.76,2026-08-17 09:40:00-04:00,2026-08-17 09:40:00-04:00,732.27,733.59,731.47,2026-08-17 09:50:00-04:00,733.59,stop,-1.0303030303030303,100.0,-132.0,4.0,-136.0,132.0,False,True
train,2026-08-18,QQQ,short,721.77,718.79,2.98,2026-08-18 10:10:00-04:00,2026-08-18 10:15:00-04:00,718.79,721.03,717.44,2026-08-18 10:50:00-04:00,717.44,target,0.5848214285714285,100.0,135.0,4.0,131.0,224.0,False,True
train,2026-08-19,QQQ,short,721.4999,719.28,2.2199000000000524,2026-08-19 09:40:00-04:00,2026-08-19 12:05:00-04:00,719.28,720.95,718.27,2026-08-19 12:25:00-04:00,718.27,target,0.5808383233532934,100.0,101.0,4.0,97.0,167.0,False,True
train,2026-08-20,QQQ,long,714.0600000000001,711.7632,2.2968000000000757,2026-08-20 09:40:00-04:00,2026-08-20 09:40:00-04:00,714.0600000000001,712.33,715.1,2026-08-20 09:45:00-04:00,712.33,stop,-1.023121387283237,100.0,-173.0,4.0,-177.0,173.0,False,True
train,2026-08-21,QQQ,short,715.37,712.54,2.83,2026-08-21 09:40:00-04:00,2026-08-21 09:40:00-04:00,712.54,714.67,711.26,2026-08-21 09:50:00-04:00,711.26,target,0.5821596244131456,100.0,128.0,4.0,124.0,213.0,False,True
train,2026-08-24,QQQ,short,709.79,706.0,3.79,2026-08-24 09:40:00-04:00,2026-08-24 09:40:00-04:00,706.0,708.85,704.29,2026-08-24 09:45:00-04:00,704.29,target,0.5859649122807017,100.0,171.0,4.0,167.0,285.0,False,True
train,2026-08-25,QQQ,long,713.13,710.8000000000001,2.33,2026-08-25 09:50:00-04:00,2026-08-25 09:50:00-04:00,713.13,711.38,714.1800000000001,2026-08-25 09:55:00-04:00,711.38,stop,-1.022857142857143,100.0,-175.0,4.0,-179.0,175.0,False,True
train,2026-08-26,QQQ,long,710.955,708.48,2.475,2026-08-26 09:45:00-04:00,2026-08-26 09:45:00-04:00,710.955,709.09,712.08,2026-08-26 09:55:00-04:00,712.08,target,0.581769436997319,100.0,112.5,4.0,108.5,186.5,False,True
train,2026-08-27,QQQ,long,718.47,715.26,3.21,2026-08-27 10:25:00-04:00,2026-08-27 10:25:00-04:00,718.47,716.0600000000001,719.92,2026-08-27 12:40:00-04:00,719.92,target,0.5850622406639003,100.0,145.0,4.0,141.0,241.0,False,True
train,2026-08-28,QQQ,long,719.99,718.1762,1.8138000000000467,2026-08-28 09:40:00-04:00,2026-08-28 09:50:00-04:00,719.99,718.62,720.82,2026-08-28 10:00:00-04:00,720.82,target,0.5766423357664233,100.0,83.0,4.0,79.0,137.0,False,True
train,2026-08-31,QQQ,short,717.001,714.6800000000001,2.3209999999999127,2026-08-31 09:40:00-04:00,2026-08-31 09:40:00-04:00,714.6800000000001,716.4300000000001,713.63,2026-08-31 10:10:00-04:00,713.63,target,0.5771428571428572,100.0,105.0,4.0,101.0,175.0,False,True
train,2026-09-01,QQQ,long,707.69,706.21,1.48,2026-09-01 09:50:00-04:00,2026-09-01 09:50:00-04:00,707.69,706.58,708.36,2026-09-01 10:05:00-04:00,708.36,target,0.5675675675675675,100.0,67.0,4.0,63.0,111.0,False,True
val,2026-09-02,QQQ,short,707.11,705.77,1.34,2026-09-02 09:55:00-04:00,2026-09-02 09:55:00-04:00,705.77,706.78,705.16,2026-09-02 10:05:00-04:00,706.78,stop,-1.0396039603960396,100.0,-101.0,4.0,-105.0,101.0,False,True
val,2026-09-03,QQQ,long,711.66,710.2,1.46,2026-09-03 09:40:00-04:00,2026-09-03 10:00:00-04:00,711.66,710.5600000000001,712.32,2026-09-03 10:15:00-04:00,712.32,target,0.5636363636363636,100.0,66.0,4.0,62.0,110.0,False,True
val,2026-09-04,QQQ,long,720.48,718.525,1.955,2026-09-04 09:55:00-04:00,2026-09-04 10:10:00-04:00,720.48,719.01,721.37,2026-09-04 10:25:00-04:00,719.01,stop,-1.0272108843537415,100.0,-147.0,4.0,-151.0,147.0,False,True
val,2026-09-08,QQQ,short,721.886,719.15,2.7359999999999127,2026-09-08 09:40:00-04:00,2026-09-08 11:10:00-04:00,719.15,721.21,717.91,2026-09-08 15:50:00-04:00,717.91,target,0.5825242718446602,100.0,124.0,4.0,120.0,206.0,False,True
val,2026-09-09,QQQ,long,717.4074,715.49,1.9174000000000524,2026-09-09 09:50:00-04:00,2026-09-09 09:50:00-04:00,717.4074,715.96,718.28,2026-09-09 09:55:00-04:00,718.28,target,0.5752383584357589,100.0,87.25999999999476,4.0,83.25999999999476,144.74000000000524,False,True
val,2026-09-10,QQQ,long,708.4300000000001,706.855,1.575,2026-09-10 09:40:00-04:00,2026-09-10 09:50:00-04:00,708.4300000000001,707.24,709.15,2026-09-10 10:00:00-04:00,709.15,target,0.5714285714285714,100.0,72.0,4.0,68.0,119.0,False,True
val,2026-09-11,QQQ,long,715.84,713.9300000000001,1.9100000000000001,2026-09-11 09:45:00-04:00,2026-09-11 09:45:00-04:00,715.84,714.4,716.71,2026-09-11 09:55:00-04:00,716.71,target,0.5763888888888888,100.0,87.0,4.0,83.0,144.0,False,True
test,2026-09-15,QQQ,long,708.8100000000001,707.5600000000001,1.25,2026-09-15 09:40:00-04:00,2026-09-15 09:40:00-04:00,708.8100000000001,707.87,709.38,2026-09-15 09:45:00-04:00,709.38,target,0.5638297872340425,100.0,57.00000000000001,4.0,53.0,94.0,False,True
test,2026-09-16,QQQ,long,708.79,707.885,0.905,2026-09-16 09:50:00-04:00,2026-09-16 10:10:00-04:00,708.79,708.11,709.2,2026-09-16 10:15:00-04:00,709.2,target,0.5441176470588236,100.0,41.0,4.0,37.00000000000001,68.0,False,True
test,2026-09-17,QQQ,short,716.37,714.0600000000001,2.31,2026-09-17 09:40:00-04:00,2026-09-17 09:40:00-04:00,714.0600000000001,715.8000000000001,713.01,2026-09-17 10:10:00-04:00,715.8000000000001,stop,-1.0229885057471264,100.0,-174.0,4.0,-178.0,174.0,False,True
test,2026-09-18,QQQ,short,719.47,718.5,0.97,2026-09-18 09:50:00-04:00,2026-09-18 09:50:00-04:00,718.5,719.23,718.0600000000001,2026-09-18 09:55:00-04:00,718.0600000000001,target,0.5479452054794521,100.0,44.0,4.0,40.0,73.0,False,True
test,2026-09-24,QQQ,long,736.02,734.6301,1.3899000000000523,2026-09-24 09:40:00-04:00,2026-09-24 09:50:00-04:00,736.02,734.97,736.65,2026-09-24 09:55:00-04:00,736.65,target,0.5619047619047619,100.0,63.0,4.0,59.0,105.0,False,True
test,2026-09-25,QQQ,long,743.6800000000001,741.66,2.02,2026-09-25 09:40:00-04:00,2026-09-25 09:40:00-04:00,743.6800000000001,742.16,744.6,2026-09-25 09:50:00-04:00,744.6,target,0.5789473684210527,100.0,92.0,4.0,88.0,152.0,False,True
